org.apache.commons.lang3.math.NumberUtils.isParsable(String);org.apache.commons.lang3.math.NumberUtilsTest.testIsParsable();;;;;;;
org.apache.commons.lang3.math.NumberUtils.createBigDecimal(String);org.apache.commons.lang3.math.NumberUtilsTest.testCreateBigDecimal();org.apache.commons.lang3.math.NumberUtilsTest.testCreateBigDecimalFailure(String);;;;;;
org.apache.commons.lang3.math.NumberUtils.createBigInteger(String);org.apache.commons.lang3.math.NumberUtilsTest.testCreateBigIntegerFailure(String);;;;;;;
org.apache.commons.lang3.text.WordUtils.wrap(String,int,String,boolean,String);org.apache.commons.lang3.text.WordUtilsTest.testWrap_StringIntStringBooleanString();;;;;;;
org.apache.commons.lang3.StringUtils.getLevenshteinDistance(CharSequence,CharSequence,int);org.apache.commons.lang3.StringUtilsTest.testGetLevenshteinDistance_NullStringInt();org.apache.commons.lang3.StringUtilsTest.testGetLevenshteinDistance_StringNullInt();org.apache.commons.lang3.StringUtilsTest.testGetLevenshteinDistance_StringStringInt();;;;;
org.apache.commons.lang3.StringUtils.indexOfDifference(CharSequence...);org.apache.commons.lang3.StringUtilsTest.testDifferenceAt_StringArray();;;;;;;
org.apache.commons.lang3.RandomStringUtils.random(int,int,int,boolean,boolean,char[],Random);org.apache.commons.lang3.RandomStringUtilsTest.testRandomStringUtils();org.apache.commons.lang3.RandomStringUtilsTest.testLANG805();org.apache.commons.lang3.RandomStringUtilsTest.testExceptions();;;;;
org.apache.commons.lang3.builder.EqualsBuilder.reflectionAppend(Object,Object);org.apache.commons.lang3.builder.EqualsBuilderTest.testReflectionAppend();;;;;;;
org.apache.commons.lang3.time.DurationFormatUtils.formatPeriod(long,long,String,boolean,TimeZone);org.apache.commons.lang3.time.DurationFormatUtilsTest.testFormatPeriodISO();org.apache.commons.lang3.time.DurationFormatUtilsTest.testFormatPeriod();org.apache.commons.lang3.time.DurationFormatUtilsTest.testLANG815();org.apache.commons.lang3.time.DurationFormatUtilsTest.testFormatPeriodISOMethod();;;;
org.apache.commons.lang3.time.DurationFormatUtils.formatDurationWords(long,boolean,boolean);org.apache.commons.lang3.time.DurationFormatUtilsTest.testFormatDurationWords();org.apache.commons.lang3.time.DurationFormatUtilsTest.testFormatDurationPluralWords();;;;;;
org.apache.commons.lang3.ArrayUtils.lastIndexOf(Object[],Object,int);org.apache.commons.lang3.ArrayUtilsTest.testLastIndexOfWithStartIndex();org.apache.commons.lang3.ArrayUtilsTest.testLastIndexOf();;;;;;
org.apache.commons.lang3.ArrayUtils.shift(boolean[],int,int,int);org.apache.commons.lang3.ArrayUtilsTest.testShiftBoolean();;;;;;;
org.apache.commons.lang3.ArrayUtils.shift(byte[],int,int,int);org.apache.commons.lang3.ArrayUtilsTest.testShiftRangeByte();org.apache.commons.lang3.ArrayUtilsTest.testShiftRangeNoElemByte();org.apache.commons.lang3.ArrayUtilsTest.testShiftRangeNullByte();org.apache.commons.lang3.ArrayUtilsTest.testShiftByte();org.apache.commons.lang3.ArrayUtilsTest.testShiftAllByte();;;
org.apache.commons.lang3.ArrayUtils.shift(char[],int,int,int);org.apache.commons.lang3.ArrayUtilsTest.testShiftRangeChar();org.apache.commons.lang3.ArrayUtilsTest.testShiftRangeNoElemChar();org.apache.commons.lang3.ArrayUtilsTest.testShiftRangeNullChar();org.apache.commons.lang3.ArrayUtilsTest.testShiftChar();org.apache.commons.lang3.ArrayUtilsTest.testShiftAllChar();;;
org.apache.commons.lang3.ArrayUtils.shift(float[],int,int,int);org.apache.commons.lang3.ArrayUtilsTest.testShiftRangeFloat();org.apache.commons.lang3.ArrayUtilsTest.testShiftRangeNoElemFloat();org.apache.commons.lang3.ArrayUtilsTest.testShiftRangeNullFloat();org.apache.commons.lang3.ArrayUtilsTest.testShiftFloat();org.apache.commons.lang3.ArrayUtilsTest.testShiftAllFloat();;;
org.apache.commons.lang3.ArrayUtils.shift(Object[],int,int,int);org.apache.commons.lang3.ArrayUtilsTest.testShiftRangeObject();org.apache.commons.lang3.ArrayUtilsTest.testShiftRangeNoElemObject();org.apache.commons.lang3.ArrayUtilsTest.testShiftRangeNullObject();org.apache.commons.lang3.ArrayUtilsTest.testShiftObject();org.apache.commons.lang3.ArrayUtilsTest.testShiftAllObject();;;
org.apache.commons.lang3.ObjectUtils.allNotNull(Object...);org.apache.commons.lang3.ObjectUtilsTest.testAllNotNull();;;;;;;
org.apache.commons.lang3.ObjectUtils.hashCodeMulti(Object...);org.apache.commons.lang3.ObjectUtilsTest.testHashCodeMulti_multiple_emptyArray();org.apache.commons.lang3.ObjectUtilsTest.testHashCodeMulti_multiple_nullArray();org.apache.commons.lang3.ObjectUtilsTest.testHashCodeMulti_multiple_likeList();;;;;