Id;EdgeCoverage;PrimePathCoverage
org.apache.commons.lang3.ObjectUtilsTest.testAllNotNull();1;0.9999999999999999
org.apache.commons.lang3.math.NumberUtilsTest.testCreateBigDecimal();1;1
org.apache.commons.lang3.math.NumberUtilsTest.testCreateBigDecimalFailure(String);1;1
org.apache.commons.lang3.math.NumberUtilsTest.testCreateBigIntegerFailure(String);0.8846153846153846;0.23809523809523808
org.apache.commons.lang3.time.DurationFormatUtilsTest.testFormatDurationWords();0.902439024390244;0.24444444444444446
org.apache.commons.lang3.time.DurationFormatUtilsTest.testFormatDurationPluralWords();0.24390243902439024;0.022222222222222223
org.apache.commons.lang3.time.DurationFormatUtilsTest.testFormatPeriodISO();0.29347826086956524;0.0014903129657228018
org.apache.commons.lang3.time.DurationFormatUtilsTest.testFormatPeriod();0.5978260869565217;0.016393442622950817
org.apache.commons.lang3.time.DurationFormatUtilsTest.testLANG815();0.40217391304347827;0.004470938897168405
org.apache.commons.lang3.time.DurationFormatUtilsTest.testFormatPeriodISOMethod();0.29347826086956524;0.0014903129657228018
org.apache.commons.lang3.StringUtilsTest.testGetLevenshteinDistance_NullStringInt();0.05263157894736842;0.014492753623188406
org.apache.commons.lang3.StringUtilsTest.testGetLevenshteinDistance_StringNullInt();0.05263157894736842;0.014492753623188406
org.apache.commons.lang3.StringUtilsTest.testGetLevenshteinDistance_StringStringInt();0.9473684210526316;0.33333333333333337
org.apache.commons.lang3.ObjectUtilsTest.testHashCodeMulti_multiple_emptyArray();0.5555555555555556;0.14285714285714285
org.apache.commons.lang3.ObjectUtilsTest.testHashCodeMulti_multiple_nullArray();0.4444444444444444;0.14285714285714285
org.apache.commons.lang3.ObjectUtilsTest.testHashCodeMulti_multiple_likeList();0.8888888888888888;0.8571428571428572
org.apache.commons.lang3.StringUtilsTest.testDifferenceAt_StringArray();1;0.39583333333333326
org.apache.commons.lang3.math.NumberUtilsTest.testIsParsable();0.9999999999999998;1
org.apache.commons.lang3.RandomStringUtilsTest.testRandomStringUtils();0.7704918032786886;0.1329113924050633
org.apache.commons.lang3.RandomStringUtilsTest.testLANG805();0.4098360655737705;0.08227848101265822
org.apache.commons.lang3.RandomStringUtilsTest.testExceptions();0.27868852459016397;0.0189873417721519
org.apache.commons.lang3.builder.EqualsBuilderTest.testReflectionAppend();0.7045454545454546;0.2608695652173913
org.apache.commons.lang3.ArrayUtilsTest.testShiftBoolean();0.7222222222222223;0.07894736842105263
org.apache.commons.lang3.ArrayUtilsTest.testShiftRangeByte();0.5555555555555556;0.05263157894736842
org.apache.commons.lang3.ArrayUtilsTest.testShiftRangeNoElemByte();0.25;0.02631578947368421
org.apache.commons.lang3.ArrayUtilsTest.testShiftRangeNullByte();0.08333333333333333;0.02631578947368421
org.apache.commons.lang3.ArrayUtilsTest.testShiftByte();0.7222222222222223;0.07894736842105263
org.apache.commons.lang3.ArrayUtilsTest.testShiftAllByte();0.3333333333333333;0.02631578947368421
org.apache.commons.lang3.ArrayUtilsTest.testShiftRangeChar();0.5555555555555556;0.05263157894736842
org.apache.commons.lang3.ArrayUtilsTest.testShiftRangeNoElemChar();0.25;0.02631578947368421
org.apache.commons.lang3.ArrayUtilsTest.testShiftRangeNullChar();0.08333333333333333;0.02631578947368421
org.apache.commons.lang3.ArrayUtilsTest.testShiftChar();0.7222222222222223;0.07894736842105263
org.apache.commons.lang3.ArrayUtilsTest.testShiftAllChar();0.3333333333333333;0.02631578947368421
org.apache.commons.lang3.ArrayUtilsTest.testShiftRangeLong();0.5555555555555556;0.05263157894736842
org.apache.commons.lang3.ArrayUtilsTest.testShiftRangeNoElemLong();0.25;0.02631578947368421
org.apache.commons.lang3.ArrayUtilsTest.testShiftRangeNullLong();0.08333333333333333;0.02631578947368421
org.apache.commons.lang3.ArrayUtilsTest.testShiftLong();0.7222222222222223;0.07894736842105263
org.apache.commons.lang3.ArrayUtilsTest.testShiftAllLong();0.3333333333333333;0.02631578947368421
org.apache.commons.lang3.ArrayUtilsTest.testShiftRangeFloat();0.5555555555555556;0.05263157894736842
org.apache.commons.lang3.ArrayUtilsTest.testShiftRangeNoElemFloat();0.25;0.02631578947368421
org.apache.commons.lang3.ArrayUtilsTest.testShiftRangeNullFloat();0.08333333333333333;0.02631578947368421
org.apache.commons.lang3.ArrayUtilsTest.testShiftFloat();0.7222222222222223;0.07894736842105263
org.apache.commons.lang3.ArrayUtilsTest.testShiftAllFloat();0.3333333333333333;0.02631578947368421
org.apache.commons.lang3.ArrayUtilsTest.testShiftRangeObject();0.5555555555555556;0.05263157894736842
org.apache.commons.lang3.ArrayUtilsTest.testShiftRangeNoElemObject();0.25;0.02631578947368421
org.apache.commons.lang3.ArrayUtilsTest.testShiftRangeNullObject();0.08333333333333333;0.02631578947368421
org.apache.commons.lang3.ArrayUtilsTest.testShiftObject();0.7222222222222223;0.07894736842105263
org.apache.commons.lang3.ArrayUtilsTest.testShiftAllObject();0.3333333333333333;0.02631578947368421
org.apache.commons.lang3.text.WordUtilsTest.testWrap_StringIntStringBooleanString();0.7419354838709677;0.013452914798206277
